{
    "name": "app-base",
    "workspaces": [
        "app"
    ],
    "devDependencies": {
        "@next/swc-wasm-nodejs": "13.5.1",
        "@types/node": "20.6.2",
        "@types/react-dom": "18.2.7",
        "@types/react": "18.2.22",
        "eslint-config-next": "13.5.1",
        "eslint": "8.49.0",
        "postcss": "8.4.30",
        "prisma": "6.7.0",
        "tailwind-merge": "2.5.2",
        "tailwindcss-animate": "1.0.7",
        "tailwindcss": "3.3.3",
        "typescript": "5.2.2"
    },
    "dependencies": {
        "@hookform/resolvers": "3.9.0",
        "@prisma/client": "6.7.0",
        "@radix-ui/react-accordion": "1.2.0",
        "@radix-ui/react-alert-dialog": "1.1.1",
        "@radix-ui/react-aspect-ratio": "1.1.0",
        "@radix-ui/react-avatar": "1.1.0",
        "@radix-ui/react-checkbox": "1.1.1",
        "@radix-ui/react-collapsible": "1.1.0",
        "@radix-ui/react-context-menu": "2.2.1",
        "@radix-ui/react-dialog": "1.1.1",
        "@radix-ui/react-dropdown-menu": "2.1.1",
        "@radix-ui/react-hover-card": "1.1.1",
        "@radix-ui/react-label": "2.1.0",
        "@radix-ui/react-menubar": "1.1.1",
        "@radix-ui/react-navigation-menu": "1.2.0",
        "@radix-ui/react-popover": "1.1.1",
        "@radix-ui/react-progress": "1.1.0",
        "@radix-ui/react-radio-group": "1.2.0",
        "@radix-ui/react-scroll-area": "1.1.0",
        "@radix-ui/react-select": "2.1.1",
        "@radix-ui/react-separator": "1.1.0",
        "@radix-ui/react-slider": "1.2.0",
        "@radix-ui/react-slot": "1.1.0",
        "@radix-ui/react-switch": "1.1.0",
        "@radix-ui/react-tabs": "1.1.0",
        "@radix-ui/react-toast": "1.2.1",
        "@radix-ui/react-toggle-group": "1.1.0",
        "@radix-ui/react-toggle": "1.1.0",
        "@radix-ui/react-tooltip": "1.1.2",
        "autoprefixer": "10.4.15",
        "class-variance-authority": "0.7.0",
        "clsx": "2.1.1",
        "cmdk": "1.0.0",
        "date-fns": "3.6.0",
        "embla-carousel-react": "8.3.0",
        "framer-motion": "12.0.6",
        "input-otp": "1.2.4",
        "lucide-react": "0.446.0",
        "next-themes": "0.3.0",
        "next": "15.2.3",
        "react-day-picker": "8.10.1",
        "react-dom": "18.2.0",
        "react-hook-form": "7.53.0",
        "react-resizable-panels": "2.1.3",
        "react": "18.2.0",
        "recharts": "2.15.3",
        "react-is": "18.3.1",
        "sonner": "1.5.0",
        "vaul": "0.9.9",
        "zod": "3.23.8"
    }
}
